,value__sum_values,value__median,value__mean,value__length,value__standard_deviation,value__variance,value__root_mean_square,value__maximum,value__absolute_maximum,value__minimum
200,-0.2142324670700005,0.0001525879,-1.156138516297898e-05,18530.0,0.03822467100306036,0.0014611254732922036,0.03822467275148122,0.3713684,0.3735657,-0.3735657
201,-1.2141106853599986,0.00201416,-6.552135377010246e-05,18530.0,0.03803596471738581,0.001446734611982218,0.038036021151403546,0.1805115,0.2715454,-0.2715454
202,-0.6417540266599999,0.0,-3.463324482784673e-05,18530.0,0.008663138108753141,7.504996189133094e-05,0.008663207336372497,0.04873657,0.0630188,-0.0630188
203,0.5172718212399964,0.003540039,2.791537081705323e-05,18530.0,0.08684579852452605,0.007542192721362572,0.08684580301102926,0.5412598,0.5412598,-0.5105896
