,value__sum_values,value__median,value__mean,value__length,value__standard_deviation,value__variance,value__root_mean_square,value__maximum,value__absolute_maximum,value__minimum
55,-1.2958976705300032,0.0016326905,-6.993511443766881e-05,18530.0,0.13436431745810332,0.01805376980598197,0.13436433565832193,0.7858887,0.8587952,-0.8587952
56,1.5495314097900001,0.00112915,8.362284996168377e-05,18530.0,0.06515261826623613,0.0042448636669458846,0.06515267193083428,0.3795471,0.5370789,-0.5370789
57,-0.40719642346000207,0.0003662109,-2.1974982377765896e-05,18530.0,0.043186661800746144,0.0018650877574920262,0.04318666739159062,0.2775879,0.403595,-0.403595
58,-0.21578961276000141,-9.155273e-05,-1.1645418929303909e-05,18530.0,0.03668721821675417,0.001345951980483739,0.03668722006502429,0.4214478,0.4641113,-0.4641113
59,-0.6448666943699995,-0.00032043459999999996,-3.480122473664326e-05,18530.0,0.02673334130244631,0.0007146715371930817,0.026733363954398348,0.1874084,0.1874084,-0.1796265
