,value__sum_values,value__median,value__mean,value__length,value__standard_deviation,value__variance,value__root_mean_square,value__maximum,value__absolute_maximum,value__minimum
65,-0.35928311894999876,-0.0003051758,-1.9389267077711753e-05,18530.0,0.023115188121247687,0.0005343119218806702,0.02311519625320858,0.1462097,0.1462097,-0.1391296
66,-2.577910626720004,0.000793457,-0.00013912091887317884,18530.0,0.13623549006198057,0.018560108752428008,0.13623556109569218,0.6717224,0.8276978,-0.8276978
67,-0.30542019569000145,6.103516e-05,-1.6482471434970396e-05,18530.0,0.046365776714155434,0.002149785250306918,0.04636577964381471,0.2790527,0.2790527,-0.2495728
68,-0.5935061220400006,0.0001220703,-3.2029472317323295e-05,18530.0,0.01912892590044962,0.0003659158061048923,0.019128952715504036,0.1367493,0.1996765,-0.1996765
69,-1.3705133625700001,-0.0002441406,-7.396186522234216e-05,18530.0,0.04536843579298902,0.002058294966302567,0.04536849608109215,0.3968811,0.3968811,-0.2805176
