,value__sum_values,value__median,value__mean,value__length,value__standard_deviation,value__variance,value__root_mean_square,value__maximum,value__absolute_maximum,value__minimum
130,5.8560528838899994,0.004272461,0.00031603091656179166,18530.0,0.17609133302031144,0.03100815756487023,0.17609161661024766,0.9999695,1.0,-1.0
131,-0.8455821909099992,0.000213623,-4.563314575876952e-05,18530.0,0.07244822441882234,0.005248745221440045,0.0724482387903532,0.7429199,0.7429199,-0.494873
132,-0.6811810739000013,-3.051758e-05,-3.676098617916898e-05,18530.0,0.03544769085988263,0.0012565387872978066,0.03544770992134628,0.2382507,0.3184814,-0.3184814
133,-0.8080747630899995,0.0001220703,-4.360899962709118e-05,18530.0,0.013177898650279319,0.0001736570128370335,0.013177970806686512,0.06680298,0.06680298,-0.06314087
134,0.8108212106499977,0.0005187988,4.375721590124111e-05,18530.0,0.04296381609264016,0.0018458894932422054,0.042963838375267974,0.2573853,0.30896,-0.30896
