,value__sum_values,value__median,value__mean,value__length,value__standard_deviation,value__variance,value__root_mean_square,value__maximum,value__absolute_maximum,value__minimum
180,-0.28540024613000037,0.0004882813,-1.5402064011332994e-05,18530.0,0.043375245007828626,0.0018814118794891624,0.04337524774237881,0.3361206,0.3361206,-0.2906494
181,-2.67599481938,-0.0003051758,-0.00014441418345277927,18530.0,0.004612530244469065,2.1275435256141854e-05,0.004614790429967995,0.0385437,0.0385437,-0.02694702
182,-0.34829620188,0.0,-1.8796341169994604e-05,18530.0,0.02614881387626574,0.0006837604671355878,0.026148820631876096,0.2442932,0.2442932,-0.2332153
183,-0.2397462812600002,-0.0004272461,-1.293827745601728e-05,18530.0,0.021602640662838058,0.00046667408360770435,0.02160264453734144,0.1439514,0.1792603,-0.1792603
184,-0.6265263348199972,0.0004577637,-3.38114589757149e-05,18530.0,0.04408925751405348,0.0019438626281405211,0.04408927047882828,0.2633362,0.2992859,-0.2992859
