,value__sum_values,value__median,value__mean,value__length,value__standard_deviation,value__variance,value__root_mean_square,value__maximum,value__absolute_maximum,value__minimum
145,-0.38235335738999887,0.000793457,-2.0634288040474843e-05,18530.0,0.07761679313999549,0.006024366577336852,0.07761679588279007,0.6578979,0.6578979,-0.6106873
146,-0.2785944247799995,-0.000213623,-1.5034777376146763e-05,18530.0,0.032545621418867444,0.0010592174735402434,0.03254562489160062,0.2054138,0.2426147,-0.2426147
147,-0.7403868337700006,3.051758e-05,-3.995611623151649e-05,18530.0,0.03543950714105074,0.0012559586664005868,0.03543952966521721,0.3891602,0.3891602,-0.2505188
148,-0.8634332525099991,9.155273e-05,-4.659650580194275e-05,18530.0,0.054334273136796486,0.002952213237304004,0.054334293117131435,0.5173035,0.5173035,-0.4291077
149,-0.5071100605399992,-0.0003051758,-2.7366975744198552e-05,18530.0,0.02203204091051194,0.0004854108266824718,0.02203205790737291,0.1852112,0.1934204,-0.1934204
