,value__sum_values,value__median,value__mean,value__length,value__standard_deviation,value__variance,value__root_mean_square,value__maximum,value__absolute_maximum,value__minimum
10,-4.80575478608,-0.001678467,-0.0002593499614722072,18530.0,0.15090326124061776,0.02277179425305413,0.1509034841064203,0.9999695,0.9999695,-0.9578247
11,-0.6613789736200051,0.0024261474999999998,-3.569233532757718e-05,18530.0,0.2395955417097696,0.057406023607197945,0.23959554436829736,0.9999695,1.0,-1.0
12,-0.5280154075400004,0.0002746582,-2.849516500485701e-05,18530.0,0.032862508319017464,0.0010799444530174922,0.03286252067313037,0.2035828,0.2035828,-0.196106
13,-0.8073108259099981,-0.0003051758,-4.3567772580140214e-05,18530.0,0.04370434445294571,0.001910069724061726,0.04370436616875406,0.2569275,0.4954224,-0.4954224
14,-0.5199585234599997,-3.051758e-05,-2.806036284187802e-05,18530.0,0.009889049593292181,9.779330185859227e-05,0.009889089404113763,0.09991455,0.1232605,-0.1232605
