,value__sum_values,value__median,value__mean,value__length,value__standard_deviation,value__variance,value__root_mean_square,value__maximum,value__absolute_maximum,value__minimum
95,-0.48886088142000006,-0.0002441406,-2.6382130675661094e-05,18530.0,0.021231618289218067,0.00045078161517905915,0.021231634680256677,0.1394958,0.1394958,-0.1094666
96,-0.44815058116999973,0.0005187988,-2.4185136598488922e-05,18530.0,0.030091618979142948,0.000905505532785916,0.030091628698140426,0.3605347,0.3605347,-0.2086792
97,-0.3795775013,-0.0001220703,-2.0484484689692393e-05,18530.0,0.007272851115656125,5.289436335050054e-05,0.007272879963577945,0.08288574,0.08288574,-0.08215332
98,-0.5549626569600001,-0.0002746582,-2.994941483864005e-05,18530.0,0.021646153355803378,0.0004685559551029579,0.021646174074658252,0.2279663,0.2279663,-0.1969299
99,-0.6890260499,-3.051758e-05,-3.7184352396114414e-05,18530.0,0.021483882194954673,0.0004615571941666904,0.02148391437431162,0.1689758,0.1689758,-0.1412048
