,value__sum_values,value__median,value__mean,value__length,value__standard_deviation,value__variance,value__root_mean_square,value__maximum,value__absolute_maximum,value__minimum
175,-2.5758350471399982,-0.0006713867,-0.00013900890702320552,18530.0,0.04960621112647107,0.0024607761823240222,0.0496064058948061,0.3785706,0.3785706,-0.3521729
176,-0.032866979640001015,0.001434326,-1.7737171958985976e-06,18530.0,0.03295150539668354,0.0010858017079076643,0.03295150544442146,0.1750793,0.1750793,-0.1384583
177,-0.6519777727999995,0.0004882813,-3.5184985040474875e-05,18530.0,0.01962317153601117,0.00038506886113171907,0.019623203079897313,0.1739197,0.1739197,-0.1526794
178,-0.3982541628200008,0.000213623,-2.1492399504587198e-05,18530.0,0.029144962348665673,0.0008494288303051397,0.029144970273245713,0.1648865,0.1648865,-0.149292
179,-2.484192051949999,-9.155273e-05,-0.0001340632515893146,18530.0,0.016301577891802192,0.00026574144176249405,0.016302129146768554,0.1954651,0.2733459,-0.2733459
