,value__sum_values,value__median,value__mean,value__length,value__standard_deviation,value__variance,value__root_mean_square,value__maximum,value__absolute_maximum,value__minimum
30,-0.2381281302399999,3.051758e-05,-1.2850951443065295e-05,18530.0,0.027711163532584977,0.0007679085843296674,0.027711166512375845,0.1615906,0.1615906,-0.1260071
31,-1.018676639069999,0.0003662109,-5.497445434808414e-05,18530.0,0.02371222386282449,0.0005622695605207032,0.023712287589166384,0.5956116,0.5956116,-0.2865601
32,-0.6133118052600001,6.103516e-05,-3.3098316527792774e-05,18530.0,0.004194771288551755,1.7596106163258156e-05,0.004194901865576253,0.0255127,0.03063965,-0.03063965
33,-0.5734253151399995,9.155273e-05,-3.094578063356716e-05,18530.0,0.008436146621817542,7.116856982480352e-05,0.008436203379847036,0.05545044,0.05545044,-0.05358887
34,-0.44470348135999943,0.0003051758,-2.3999108546141363e-05,18530.0,0.03919050400279135,0.0015358956039928048,0.039190511350963714,0.2824707,0.2824707,-0.2793579
