,value__sum_values,value__median,value__mean,value__length,value__standard_deviation,value__variance,value__root_mean_square,value__maximum,value__absolute_maximum,value__minimum
140,-0.7590329137199998,0.0001525879,-4.096238066486777e-05,18530.0,0.021911182331145057,0.0004800999111486834,0.021911220620159735,0.3110352,0.3110352,-0.2227783
141,-1.3484188843799922,-0.0004882813,-7.276950266486737e-05,18530.0,0.18706695459606776,0.034994045501847273,0.18706696874982445,0.9999695,1.0,-1.0
142,0.21948228557999905,-0.0003051758,1.1844699707501297e-05,18530.0,0.04950663717559224,0.0024509071244357317,0.04950663859254275,0.4043579,0.4043579,-0.3244019
143,-0.6945499795999999,6.103516e-05,-3.748245977334052e-05,18530.0,0.01971066217054447,0.0003885102032013329,0.019710697809466906,0.1573486,0.1573486,-0.1124878
144,-0.4619151417599997,-0.0004882813,-2.4927962318402574e-05,18530.0,0.056391194982596836,0.003179966871565254,0.05639120049235129,0.9244385,0.9244385,-0.8457947
