,value__sum_values,value__median,value__mean,value__length,value__standard_deviation,value__variance,value__root_mean_square,value__maximum,value__absolute_maximum,value__minimum
135,-0.4310309716799992,0.0003051758,-2.32612504954128e-05,18530.0,0.035409427731444114,0.0012538275722683632,0.03540943537186293,0.2113037,0.2113037,-0.2105408
136,-1.8428031882299996,0.0009765625,-9.944971334214785e-05,18530.0,0.1809995352371691,0.03276083175607122,0.18099956255835728,0.9999695,1.0,-1.0
137,-0.7081600571300001,-0.0001220703,-3.8216948576902324e-05,18530.0,0.016231064933040332,0.0002634474688605716,0.016231109924947525,0.09634399,0.09634399,-0.0657959
138,-0.05227429605999867,0.0003967285,-2.821062928224429e-06,18530.0,0.03993994629428615,0.001595199309990462,0.039939946393915675,0.2902832,0.2948608,-0.2948608
139,-1.2836612536599994,-3.051758e-05,-6.927475734808415e-05,18530.0,0.03424500129552968,0.0011727201137308294,0.03424507136396178,0.2915955,0.2915955,-0.2533875
