,value__sum_values,value__median,value__mean,value__length,value__standard_deviation,value__variance,value__root_mean_square,value__maximum,value__absolute_maximum,value__minimum
120,-0.8243715602100002,-7.6293945e-05,-4.448848139287643e-05,18530.0,0.01492259528056335,0.00022268384990749158,0.014922661596795266,0.1105347,0.1105347,-0.08740234
121,-0.45739757566000194,0.0007171631000000001,-2.4684164903399996e-05,18530.0,0.040396007171570686,0.0016318373954055906,0.04039601471325591,0.2277832,0.2277832,-0.2220154
122,-0.33059723860999946,-6.103516e-05,-1.7841189347544494e-05,18530.0,0.015899149121317357,0.0002527829427818865,0.015899159131536608,0.1529541,0.1529541,-0.136322
123,-0.45068288441999976,0.0006103516,-2.4321796245008082e-05,18530.0,0.022946720779952696,0.0005265519945531128,0.022946733669585426,0.1609497,0.1982117,-0.1982117
124,-1.2184751036300001,0.0,-6.575688632649757e-05,18530.0,0.023202936623034187,0.0005383762679325411,0.023203029800020522,0.1635742,0.2082825,-0.2082825
