,value__sum_values,value__median,value__mean,value__length,value__standard_deviation,value__variance,value__root_mean_square,value__maximum,value__absolute_maximum,value__minimum
110,-2.8593750924,-0.0004272461,-0.00015431058242849433,18530.0,0.013143738347951064,0.00017275785775939937,0.013144644138022481,0.1448364,0.1448364,-0.08813477
111,-0.26510634158999946,0.0002746582,-1.4306872185105205e-05,18530.0,0.033667969032281815,0.0011335321387586873,0.03366797207206396,0.3678894,0.3678894,-0.2514954
112,-0.5921936023500007,-9.155273e-05,-3.1958640169994646e-05,18530.0,0.022259207688439482,0.0004954723269170834,0.02225923063072407,0.1115417,0.1115417,-0.1026306
113,-1.281585381970001,0.001617432,-6.916272973394501e-05,18530.0,0.07944600264657548,0.006311667336519677,0.07944603275181751,0.5103455,0.5645142,-0.5645142
114,-0.8544920432800003,3.051758e-05,-4.611397966972479e-05,18530.0,0.021794794302702206,0.00047501305869710055,0.021794843087212665,0.1272583,0.1272583,-0.1267395
