,value__sum_values,value__median,value__mean,value__length,value__standard_deviation,value__variance,value__root_mean_square,value__maximum,value__absolute_maximum,value__minimum
15,-2.7539993214299994,0.0003662109,-0.0001486238165909336,18530.0,0.06847593387191943,0.004688953519631482,0.06847609516225601,0.4039001,0.4407654,-0.4407654
16,-0.7439580426799964,0.002105713,-4.0148842022665754e-05,18530.0,0.07395659120044042,0.00546957738198906,0.07395660209824798,0.4682007,0.5811462,-0.5811462
17,1.49621603648,0.001312256,8.074560369562871e-05,18530.0,0.04122197195750167,0.001699250972065054,0.041222051039674995,0.285614,0.285614,-0.183136
18,-0.0487664744700001,0.001556396,-2.6317579314624985e-06,18530.0,0.0320060542407438,0.0010243875080614342,0.03200605434894442,0.1807251,0.2711487,-0.2711487
19,-0.6256412172799997,-0.000213623,-3.3763692243928746e-05,18530.0,0.03410850294227226,0.0011633899729629955,0.034108519653451824,0.2252197,0.2431641,-0.2431641
