,value__sum_values,value__median,value__mean,value__length,value__standard_deviation,value__variance,value__root_mean_square,value__maximum,value__absolute_maximum,value__minimum
5,-0.8686220389300008,0.000213623,-4.687652665569351e-05,18530.0,0.1147660816272836,0.013171253492080325,0.11476609120070735,0.9999695,0.9999695,-0.9413452
6,-0.9573965467300006,0.0001220703,-5.166737974797629e-05,18530.0,0.018229689706241666,0.0003323215867858533,0.018229762925062502,0.1389771,0.1401062,-0.1401062
7,-0.04565458036999981,-0.0002746582,-2.4638197717215224e-06,18530.0,0.025297134308086302,0.0006399450042013571,0.02529713442806843,0.1538391,0.1538391,-0.1355286
8,-3.1864929141999996,0.0006408691,-0.00017196399968699404,18530.0,0.03148984252232669,0.0009916101820809345,0.0314903120609835,0.1647949,0.2449951,-0.2449951
9,-0.9261170286600015,7.6293945e-05,-4.99793323615759e-05,18530.0,0.03545403512397494,0.001256988606572049,0.03545407035173412,0.3040466,0.3040466,-0.2450562
