,value__sum_values,value__median,value__mean,value__length,value__standard_deviation,value__variance,value__root_mean_square,value__maximum,value__absolute_maximum,value__minimum
160,-0.30148269674999895,0.000579834,-1.6269978237992387e-05,18530.0,0.038532080324666984,0.0014847212141465883,0.03853208375962531,0.3721619,0.3721619,-0.2571106
161,0.2961428140399964,0.002105713,1.5981803240150915e-05,18530.0,0.09533910183759269,0.009089544339198868,0.09533910317711669,0.8247681,0.8247681,-0.6145325
162,-0.01864588083000074,-0.0003356934,-1.0062536875337689e-06,18530.0,0.025179444511935184,0.0006340044259296229,0.025179444532041795,0.2252197,0.2252197,-0.1640015
163,-0.7353827425399995,-0.0003051758,-3.968606273826225e-05,18530.0,0.015114694058750511,0.000228453976489628,0.01511474615973433,0.1017151,0.1209412,-0.1209412
164,-5.295501864289998,-0.0007324219,-0.0002857799171230436,18530.0,0.047726015811073226,0.0022777725851988112,0.047726871418099906,0.3015747,0.459259,-0.459259
