,value__sum_values,value__median,value__mean,value__length,value__standard_deviation,value__variance,value__root_mean_square,value__maximum,value__absolute_maximum,value__minimum
170,-0.09682897111999933,-0.0001220703,-5.225524615218528e-06,18530.0,0.06918235190396008,0.0047861978149633675,0.06918235210130887,0.400177,0.4304199,-0.4304199
171,-0.7064821419700004,0.0001831055,-3.812639730005399e-05,18530.0,0.01235554807260209,0.00015265956817438122,0.012355606897135904,0.09091187,0.1529236,-0.1529236
172,-0.6491394750800001,6.103516e-05,-3.5031811930922835e-05,18530.0,0.01408090305372591,0.00019827183080842764,0.014080946631397862,0.08200073,0.1542969,-0.1542969
173,-0.4410096686499996,-0.0004882813,-2.3799766252023722e-05,18530.0,0.05256507791681537,0.002763087416400871,0.052565083304697086,0.4467773,0.7019653,-0.7019653
174,-0.06097379083999899,0.0009765625,-3.290544567727954e-06,18530.0,0.060745903784624605,0.00369006482661087,0.060745903873747356,0.4620056,0.5050049,-0.5050049
