,value__sum_values,value__median,value__mean,value__length,value__standard_deviation,value__variance,value__root_mean_square,value__maximum,value__absolute_maximum,value__minimum
35,-0.3511356166499999,1.525879e-05,-1.8949574562871016e-05,18530.0,0.02000683065596232,0.00040027327289635366,0.02000683963005476,0.467865,0.5085144,-0.5085144
36,-3.1766968206099997,0.0001831055,-0.00017143533840313004,18530.0,0.013008004118458644,0.00016920817114583704,0.013009133761365145,0.06729126,0.1131287,-0.1131287
37,-0.2203675355899989,-0.0001525879,-1.1892473588235233e-05,18530.0,0.04243107278725403,0.0018003959378772498,0.042431074453850186,0.2947693,0.2947693,-0.216095
38,-0.07070885513000058,0.0003967285,-3.815912311386972e-06,18530.0,0.03820460797452293,0.001459592070486981,0.03820460816509139,0.2741089,0.2741089,-0.2236023
39,-0.4893497727199999,-0.0001831055,-2.6408514447922283e-05,18530.0,0.041461087113657334,0.0017190217446462824,0.04146109552406832,0.2554626,0.3132935,-0.3132935
