,value__sum_values,value__median,value__mean,value__length,value__standard_deviation,value__variance,value__root_mean_square,value__maximum,value__absolute_maximum,value__minimum
105,-0.4847728182699975,0.0004272461,-2.6161512049109418e-05,18530.0,0.13739615178887302,0.018877702526391035,0.13739615427957125,0.9555664,1.0,-1.0
106,-0.6543583616799997,-3.051758e-05,-3.531345718726388e-05,18530.0,0.019893495809132702,0.0003957511755079804,0.01989352715202206,0.1601563,0.1859131,-0.1859131
107,-0.6282959758600002,-0.000579834,-3.3906960381003785e-05,18530.0,0.023978367314343912,0.0005749620990615964,0.02397839128764811,0.2302551,0.2302551,-0.1209717
108,-0.4180586977000005,0.001434326,-2.2561181743119292e-05,18530.0,0.04704767156446942,0.0022134833996381846,0.047047676973949584,0.3603516,0.5924072,-0.5924072
109,0.6488025773599999,0.0001220703,3.501363072638963e-05,18530.0,0.12571550006505838,0.015804386956607692,0.12571550494096592,0.9999695,1.0,-1.0
