,value__sum_values,value__median,value__mean,value__length,value__standard_deviation,value__variance,value__root_mean_square,value__maximum,value__absolute_maximum,value__minimum
150,-0.21478188997999997,-0.0003356934,-1.159103561683756e-05,18530.0,0.021093319602028607,0.00044492813183332424,0.021093322786735876,0.2062073,0.2062073,-0.1308899
151,-0.3842467515499993,0.0001220703,-2.073646797355636e-05,18530.0,0.02826201946228052,0.0007987417440863229,0.0282620270696818,0.1873169,0.2068176,-0.2068176
152,-0.20846606729000033,6.103516e-05,-1.125019251430115e-05,18530.0,0.013133497370420267,0.00017248875317883605,0.013133502188893397,0.1036072,0.1036072,-0.09640503
153,-4.376738959890004,0.0007019043,-0.00023619746140798729,18530.0,0.0680089643192525,0.00462521922777736,0.06800937447895058,0.4935913,0.4935913,-0.391449
154,-3.31048586546,0.0,-0.0001786554703432272,18530.0,0.007608699838501113,5.7892313232406864e-05,0.007610797002252158,0.04986572,0.08172607,-0.08172607
