,value__sum_values,value__median,value__mean,value__length,value__standard_deviation,value__variance,value__root_mean_square,value__maximum,value__absolute_maximum,value__minimum
60,-0.48541186960999944,-0.0002746582,-2.6195999439287612e-05,18530.0,0.07553291087476237,0.005705220625214796,0.07553291541735419,0.6446533,0.6446533,-0.4403687
61,-0.8847963025899999,0.0001831055,-4.7749395714516994e-05,18530.0,0.017574649497382768,0.00030886830495585637,0.017574714363557876,0.1123352,0.1325378,-0.1325378
62,0.3554386403000004,0.0008850098,1.9181793864004337e-05,18530.0,0.0879597501350983,0.007736917643828925,0.08795975222663001,0.7913513,0.8473816,-0.8473816
63,-4.677489940209999,-0.0004272461,-0.00025242795144144625,18530.0,0.0362711872772444,0.0013155990265009358,0.03627206564798322,0.9653015,0.9653015,-0.787384
64,-0.4698484775700001,0.0003967285,-2.535609700863465e-05,18530.0,0.020091854749693074,0.00040368262728276413,0.020091870749495172,0.1396484,0.1396484,-0.1221008
