,value__sum_values,value__median,value__mean,value__length,value__standard_deviation,value__variance,value__root_mean_square,value__maximum,value__absolute_maximum,value__minimum
45,-0.6141665643499996,-0.0006408691,-3.314444491905017e-05,18530.0,0.022392190030295044,0.0005014101743528448,0.022392214560133926,0.2164307,0.2164307,-0.1271667
46,-0.46752952103,-0.0001525879,-2.523095094603346e-05,18530.0,0.008279830507257299,6.855559322890865e-05,0.00827986895003745,0.0725708,0.0725708,-0.05914307
47,-0.4860231375100001,0.0,-2.622898745331895e-05,18530.0,0.004689495858463224,2.199137140654373e-05,0.004689569209034723,0.04504395,0.04504395,-0.02923584
48,-3.0662230723100006,-0.0003662109,-0.00016547345236427418,18530.0,0.018103294382115855,0.0003277292674855475,0.01810405062269173,0.1339722,0.1339722,-0.09292603
49,-0.19537491017000042,0.0001831055,-1.0543708050188905e-05,18530.0,0.03482700540417382,0.0012129203054223523,0.03482700700020218,0.2005615,0.2123718,-0.2123718
