,value__sum_values,value__median,value__mean,value__length,value__standard_deviation,value__variance,value__root_mean_square,value__maximum,value__absolute_maximum,value__minimum
75,-0.5740969484399986,-0.000213623,-3.0982026359417086e-05,18530.0,0.01514404275377727,0.00022934203092823382,0.015144074445610441,0.09280396,0.09280396,-0.08078003
76,-5.961235175010006,-0.0010223390000000001,-0.0003217072409611444,18530.0,0.4370666624456918,0.19102726742141632,0.4370667808435745,0.9999695,1.0,-1.0
77,-1.2875983112100013,-0.0003967285,-6.948722672477072e-05,18530.0,0.10422782938446476,0.010863440418197095,0.10422785254754015,0.7745361,0.9992676,-0.9992676
78,-0.3561406824900002,-9.155273e-05,-1.9219680652455487e-05,18530.0,0.02136221779845167,0.0004563443492684853,0.021362226444465233,0.1998596,0.1998596,-0.1555176
79,-0.30203325654999846,-3.051758e-05,-1.6299690045871478e-05,18530.0,0.027828396887572205,0.0007744196733322383,0.027828401661111155,0.1537476,0.1537476,-0.144043
