,value__sum_values,value__median,value__mean,value__length,value__standard_deviation,value__variance,value__root_mean_square,value__maximum,value__absolute_maximum,value__minimum
90,-0.5140066101200005,0.0008544922,-2.77391586681058e-05,18530.0,0.06579067215004974,0.0043284125419553315,0.06579067799784598,0.5205078,0.6013794,-0.6013794
91,-0.041016367010001,-0.001525879,-2.213511441446357e-06,18530.0,0.09062627719743002,0.008213122118665424,0.09062627722446209,0.5755005,0.630127,-0.630127
92,-0.5352480460700001,0.0003356934,-2.8885485486778202e-05,18530.0,0.027065123315234647,0.0007325209000688581,0.027065138729371586,0.164093,0.2026978,-0.2026978
93,-0.04217446478999998,-0.0001525879,-2.276009972477063e-06,18530.0,0.029645678040166643,0.0008788662264612187,0.029645678127535557,0.1766663,0.2322998,-0.2322998
94,-4.4300542376899985,0.0009460449,-0.0002390747025196977,18530.0,0.08504010153232111,0.007231818868627484,0.08504043758907211,0.6880798,0.6880798,-0.4131775
