,value__sum_values,value__median,value__mean,value__length,value__standard_deviation,value__variance,value__root_mean_square,value__maximum,value__absolute_maximum,value__minimum
85,-0.42694093666999966,0.0001220703,-2.3040525454398254e-05,18530.0,0.027620666540938792,0.0007629012201657357,0.027620676150875614,0.1374512,0.1822205,-0.1822205
86,-0.5493161751099997,-6.103516e-05,-2.964469374581758e-05,18530.0,0.01606085148142077,0.0002579509503082557,0.01606087884009225,0.1341248,0.1341248,-0.1315308
87,-0.6201475935699994,-1.525879e-05,-3.346722037614676e-05,18530.0,0.021277399041775696,0.0004527277099829573,0.021277425362054427,0.3766174,0.3766174,-0.3580322
88,-0.5098875078199999,-3.051758e-05,-2.7516864966001075e-05,18530.0,0.013030221627912326,0.00016978667567251414,0.013030250682560628,0.1502991,0.1502991,-0.08135986
89,-0.3373706437999997,3.051758e-05,-1.8206726594711262e-05,18530.0,0.061150344378689644,0.0037393646176323405,0.06115034708909863,0.5655212,0.5655212,-0.3894653
