,value__sum_values,value__median,value__mean,value__length,value__standard_deviation,value__variance,value__root_mean_square,value__maximum,value__absolute_maximum,value__minimum
20,-0.42120208780999946,-0.0001525879,-2.2730819633567158e-05,18530.0,0.04072551672320934,0.0016585677123724036,0.04072552306677675,0.3380127,0.3380127,-0.2875366
21,-0.6657728064200001,-0.00112915,-3.592945528440368e-05,18530.0,0.06480526365337777,0.004199722197183806,0.06480527361341484,0.5151367,0.5151367,-0.4533386
22,-0.52511618405,6.103516e-05,-2.8338703942255803e-05,18530.0,0.019615393682419643,0.0003847636693163084,0.019615414153120746,0.2148438,0.2148438,-0.1722107
23,-0.7886659551800003,0.000213623,-4.25615734042094e-05,18530.0,0.04809856640714876,0.002313472090422899,0.048098585238138036,0.2749939,0.4119873,-0.4119873
24,0.013305170229999885,0.0002746582,7.180340113329674e-07,18530.0,0.03093417240471458,0.0009569230223646051,0.030934172413047967,0.1185608,0.1654053,-0.1654053
