,value__sum_values,value__median,value__mean,value__length,value__standard_deviation,value__variance,value__root_mean_square,value__maximum,value__absolute_maximum,value__minimum
185,-0.7791143195199999,-0.0002441406,-4.20461046691851e-05,18530.0,0.03673008692440189,0.0013490992854741188,0.036730110990154066,0.2854004,0.2854004,-0.2658691
186,10.681767756599989,-0.006652832,0.0005764580548623847,18530.0,0.573644538976635,0.32906805709771614,0.5736448286192469,0.9999695,1.0,-1.0
187,-1.08785996128,6.103516e-05,-5.8708038924986506e-05,18530.0,0.017534525936347887,0.00030745959981245675,0.017534624217424542,0.1260376,0.1358337,-0.1358337
188,-2.37557879664,0.001190186,-0.00012820176992120886,18530.0,0.0815775100336254,0.006654890143286253,0.08157761077023562,0.8347473,0.8347473,-0.6690369
189,-0.6235375643700003,0.001098633,-3.365016537344848e-05,18530.0,0.11231913014189103,0.012615586995831055,0.11231913518258892,0.7604675,1.0,-1.0
