,value__sum_values,value__median,value__mean,value__length,value__standard_deviation,value__variance,value__root_mean_square,value__maximum,value__absolute_maximum,value__minimum
115,1.2051095982,0.000793457,6.503559623313546e-05,18530.0,0.055741581102667165,0.0031071238638252213,0.05574161904227396,0.3200073,0.3815613,-0.3815613
116,-0.8515316326700001,-0.0003356934,-4.5954216549919056e-05,18530.0,0.0412488820589785,0.0017014702711155186,0.04124890765711908,0.2971497,0.2971497,-0.2879944
117,-0.39880360458,9.155273e-05,-2.152205097571506e-05,18530.0,0.008263035007304725,6.827774753194339e-05,0.008263063035619515,0.037323,0.08001709,-0.08001709
118,1.1310116073699985,9.155273e-05,6.103678399190494e-05,18530.0,0.0587115534002847,0.003447046502674482,0.05871158512732799,0.4291687,0.4320374,-0.4320374
119,-0.51672354002,0.0002746582,-2.788578197625472e-05,18530.0,0.014418458800313925,0.00020789195417635005,0.014418485766306615,0.1091919,0.1231384,-0.1231384
