,value__sum_values,value__median,value__mean,value__length,value__standard_deviation,value__variance,value__root_mean_square,value__maximum,value__absolute_maximum,value__minimum
165,-0.16488764516999938,-0.0005187988,-8.898415821370716e-06,18530.0,0.03587767521586961,0.0012872075788954245,0.035877676319366454,0.4750061,0.519104,-0.519104
166,-0.058044128980000165,-0.0003662109,-3.1324408515920217e-06,18530.0,0.027786959894391693,0.0007721151401725324,0.02778696007095267,0.1951599,0.2197876,-0.2197876
167,0.10736090619999916,0.0005187988,5.793896718834277e-06,18530.0,0.050047708680554644,0.0025047731441736644,0.05004770901592703,0.3688354,0.4060974,-0.4060974
168,-0.8226314656600007,-0.0004119873,-4.4394574509444184e-05,18530.0,0.02838563483963687,0.0008057442652492064,0.028385669555736258,0.1603699,0.1992493,-0.1992493
169,-0.22210918836000365,-0.0002746582,-1.1986464563410883e-05,18530.0,0.08797739441381115,0.00774002192784329,0.08797739523035802,0.9504395,0.9504395,-0.7054138
