,value__sum_values,value__median,value__mean,value__length,value__standard_deviation,value__variance,value__root_mean_square,value__maximum,value__absolute_maximum,value__minimum
0,-0.7348639812299986,-0.0002441406,-3.9658066984889293e-05,18530.0,0.04228232822374729,0.001787795280020697,0.04228234682208373,0.2441406,0.2441406,-0.2267761
1,0.30071953402000107,-0.001068115,1.6228792985429092e-05,18530.0,0.04340049776237325,0.0018836032060217654,0.04340050079659781,0.2684326,0.2714233,-0.2714233
2,-0.47756935761,-9.155273e-05,-2.5772766195898543e-05,18530.0,0.029535051110886043,0.0008723192441226509,0.029535062355751485,0.2134705,0.2134705,-0.2103882
3,0.007569006900000702,0.0002441406,4.0847311926609295e-07,18530.0,0.018125694579917848,0.0003285408040044632,0.018125694584520437,0.08029175,0.1560669,-0.1560669
4,-0.5621939437199988,0.0008087158,-3.0339662370210403e-05,18530.0,0.03889597948132874,0.001512897219811946,0.038895991314106634,0.3427734,0.3427734,-0.3320313
