,value__sum_values,value__median,value__mean,value__length,value__standard_deviation,value__variance,value__root_mean_square,value__maximum,value__absolute_maximum,value__minimum
125,-0.7791747550999997,0.0001831055,-4.204936616837559e-05,18530.0,0.0172018609917436,0.0002959040215792701,0.01720191238579203,0.1265259,0.1265259,-0.1167603
126,-0.3928537530000008,0.0003051758,-2.1200958067997885e-05,18530.0,0.024984230180874038,0.0006242117577308972,0.02498423917615904,0.208252,0.208252,-0.2072754
127,-0.10345488548999959,0.0003356934,-5.583102293038294e-06,18530.0,0.017899241550221847,0.0003203828480731882,0.017899242420957917,0.1067505,0.1235657,-0.1235657
128,-2.9808348128800004,-6.103516e-05,-0.0001608653433826228,18530.0,0.011513335565631366,0.00013255689584683214,0.011514459323195931,0.081604,0.081604,-0.06817627
129,-0.9385989156599996,0.0004272461,-5.065293662493252e-05,18530.0,0.12588164677369088,0.015846188994456275,0.1258816569646915,0.9999695,1.0,-1.0
