,value__sum_values,value__median,value__mean,value__length,value__standard_deviation,value__variance,value__root_mean_square,value__maximum,value__absolute_maximum,value__minimum
100,-0.4147339492999998,-6.103516e-05,-2.2381756573124653e-05,18530.0,0.00690736706145833,4.771171972171948e-05,0.006907403322866473,0.07565308,0.07748413,-0.07748413
101,-0.3900141302399996,-0.0004119873,-2.1047713450620593e-05,18530.0,0.03184095179959499,0.0010138462115041314,0.03184095875614258,0.1808777,0.240509,-0.240509
102,-0.608428214909998,0.0007629395,-3.2834766050188775e-05,18530.0,0.0919979111513514,0.008463615656211948,0.0919979170108422,0.5306396,0.6418152,-0.6418152
103,-0.4550181334999978,0.0005187988,-2.4555754641122386e-05,18530.0,0.06844157027514607,0.004684248541727758,0.06844157468025443,0.6576538,0.6576538,-0.4263916
104,0.6100459788299994,0.002655029,3.29220711726929e-05,18530.0,0.04638194629793408,0.0021512849423844407,0.04638195798203446,0.2434998,0.2746887,-0.2746887
