,value__sum_values,value__median,value__mean,value__length,value__standard_deviation,value__variance,value__root_mean_square,value__maximum,value__absolute_maximum,value__minimum
195,-0.24664310276000012,0.0008850098,-1.3310475054506213e-05,18530.0,0.04033147940940642,0.0016266282313513744,0.040331481605814096,0.2076416,0.3578186,-0.3578186
196,-0.678466955910001,0.000793457,-3.6614514620075604e-05,18530.0,0.05331236898861445,0.0028422086871781804,0.053312381561892934,0.3963928,0.4086304,-0.4086304
197,-0.4380184790199998,-0.0001525879,-2.36383420949811e-05,18530.0,0.021816959114885723,0.0004759797050205952,0.021816971920773337,0.1532898,0.1532898,-0.116272
198,-0.53369147217,3.051758e-05,-2.8801482577981652e-05,18530.0,0.008520161954138536,7.259315972474978e-05,0.008520210634142121,0.06774902,0.06774902,-0.06100464
199,-0.33663946433999997,0.0002746582,-1.816726736859147e-05,18530.0,0.02219642721165844,0.0004926813809624512,0.02219643464640335,0.1039429,0.1039429,-0.09277344
