,value__sum_values,value__median,value__mean,value__length,value__standard_deviation,value__variance,value__root_mean_square,value__maximum,value__absolute_maximum,value__minimum
190,-0.16287341143999956,0.0008850098,-8.789714594711255e-06,18530.0,0.05773201985296101,0.003332986116302684,0.05773202052207914,0.3702393,0.4005127,-0.4005127
191,0.13989250668999875,-3.051758e-05,7.5495146621693875e-06,18530.0,0.0336684661850747,0.0011335656152555184,0.03366846703149239,0.296814,0.296814,-0.1946411
192,-2.837280554170001,-0.0004425049,-0.00015311821663086892,18530.0,0.024753654257718805,0.0006127433991106803,0.02475412782343471,0.187439,0.187439,-0.1440125
193,0.08602865104000001,-6.103516e-05,4.642668701565031e-06,18530.0,0.03632795403551958,0.0013197202444068235,0.03632795433218331,0.1634216,0.1928711,-0.1928711
194,-0.3892800556000011,0.0002746582,-2.1008097981651438e-05,18530.0,0.1266082578322755,0.01602965095132395,0.1266082595752115,0.9999695,1.0,-1.0
