,value__sum_values,value__median,value__mean,value__length,value__standard_deviation,value__variance,value__root_mean_square,value__maximum,value__absolute_maximum,value__minimum
70,-0.44689949991,3.051758e-05,-2.4117620070696167e-05,18530.0,0.006717478984431462,4.5124523906278356e-05,0.006717522278777811,0.06228638,0.06228638,-0.06176758
71,-0.9383237398300002,0.0002441406,-5.063808633729089e-05,18530.0,0.03247432017427894,0.0010545814707815801,0.03247435965492419,0.2861938,0.2861938,-0.2117004
72,-1.1891788527399998,-0.0001220703,-6.41758690091743e-05,18530.0,0.032252932964408114,0.0010402516848066034,0.03225299681190519,0.1899109,0.2366638,-0.2366638
73,-0.4307863883700003,0.0003356934,-2.324805118024826e-05,18530.0,0.016747323707360665,0.00028047285135912456,0.016747339843420157,0.09002686,0.1265869,-0.1265869
74,-0.4474472994200005,-9.155273e-05,-2.4147182915272556e-05,18530.0,0.03241805916022552,0.0010509305597158815,0.03241806815345918,0.3106689,0.3375549,-0.3375549
