,value__sum_values,value__median,value__mean,value__length,value__standard_deviation,value__variance,value__root_mean_square,value__maximum,value__absolute_maximum,value__minimum
40,-0.9401854030399999,-0.0001220703,-5.073855386076632e-05,18530.0,0.07949496721731589,0.0063194498128821275,0.07949498340953959,0.7658691,0.7658691,-0.7459106
41,-3.4956972908899995,-9.155273e-05,-0.00018865069028008632,18530.0,0.013780289571938152,0.0001898963806864674,0.013781580815327774,0.1165161,0.1165161,-0.0977478
42,-0.5013429061000002,-0.0001831055,-2.705574236913115e-05,18530.0,0.012416147847730994,0.00015416072737671499,0.012416177325969138,0.09561157,0.1390076,-0.1390076
43,0.10763383265000115,0.0009765625,5.808625615218627e-06,18530.0,0.037400113152874066,0.0013987684638477836,0.03740011360394398,0.2043152,0.2288818,-0.2288818
44,-0.11117560150000111,0.0012359620000000002,-5.999762628170594e-06,18530.0,0.03563687285096804,0.0012699867065960628,0.03563687335602289,0.148407,0.319519,-0.319519
