,value__sum_values,value__median,value__mean,value__length,value__standard_deviation,value__variance,value__root_mean_square,value__maximum,value__absolute_maximum,value__minimum
80,-1.9049678078100003,0.0008544922,-0.0001028045228175931,18530.0,0.03826816814934466,0.001464452693506517,0.038268306237360813,0.1751709,0.1956177,-0.1956177
81,-1.0792534617800007,-0.0004882813,-5.824357591905023e-05,18530.0,0.02365900104963753,0.0005597483306667497,0.023659072741358346,0.2171631,0.2171631,-0.1298523
82,-0.90225213837,-6.103516e-05,-4.8691426787371826e-05,18530.0,0.010880140836991726,0.000118377464632775,0.010880249789771264,0.1350708,0.1490479,-0.1490479
83,-0.23318447612000065,-0.0002441406,-1.2584159531570461e-05,18530.0,0.013247006252873703,0.000175483174663675,0.013247012230112347,0.09674072,0.09674072,-0.0670166
84,0.008788879090000395,6.103516e-05,4.743054015110845e-07,18530.0,0.027513491207693218,0.000756992198435812,0.027513491211781496,0.2634277,0.2634277,-0.1625977
