,value__sum_values,value__median,value__mean,value__length,value__standard_deviation,value__variance,value__root_mean_square,value__maximum,value__absolute_maximum,value__minimum
25,0.5648811384199988,0.0006713867,3.0484680972476997e-05,18530.0,0.041209216797680796,0.001698199549078257,0.04120922807326086,0.4024963,0.4024963,-0.3852844
26,-0.20031810725000093,-0.0008544922,-1.0810475296816024e-05,18530.0,0.03443711846199581,0.001185915127965533,0.03443712015880406,0.1958923,0.2009583,-0.2009583
27,-0.6114501172599999,9.155273e-05,-3.299784766648677e-05,18530.0,0.02076816008133854,0.0004313164731641037,0.020768186295920362,0.1473694,0.1473694,-0.1258545
28,-2.59844953218,0.0005493164,-0.00014022933255153805,18530.0,0.022983745751791042,0.0005282525687829728,0.022984173534166517,0.1557617,0.1557617,-0.1508484
29,-0.808287729120001,-0.0006103516,-4.36204926670265e-05,18530.0,0.053476347507460366,0.002859719742738663,0.053476365298008456,0.2915039,0.3250732,-0.3250732
