,value__sum_values,value__median,value__mean,value__length,value__standard_deviation,value__variance,value__root_mean_square,value__maximum,value__absolute_maximum,value__minimum
155,0.029907227349999954,0.0009765625,1.613989603345923e-06,18530.0,0.021649178881981427,0.0004686869462640306,0.021649178942144506,0.1045227,0.1045227,-0.1045227
156,-1.6872864326899997,9.155273e-05,-9.105701201780894e-05,18530.0,0.05801778956595344,0.0033660639061192555,0.058017861021401794,0.4151611,0.4151611,-0.3506775
157,-1.4446414141799995,0.000793457,-7.796229973988124e-05,18530.0,0.050185851315431164,0.002518619672254564,0.05018591187150777,0.3710327,0.3849182,-0.3849182
158,-0.08767697928000029,9.155273e-05,-4.731623274689708e-06,18530.0,0.029662197044457377,0.0008798459335042159,0.029662197421844436,0.2230835,0.2230835,-0.2213135
159,0.1314394159499997,-0.0001220703,7.093330596330259e-06,18530.0,0.020499144563116273,0.00042021492781953943,0.020499145790370838,0.08361816,0.08361816,-0.0826416
