,value__sum_values,value__median,value__mean,value__length,value__standard_deviation,value__variance,value__root_mean_square,value__maximum,value__absolute_maximum,value__minimum
50,-0.5321665291599986,0.0004425049,-2.8719186678899007e-05,18530.0,0.10042107355092335,0.010084392013119958,0.10042107765758959,0.9999695,0.9999695,-0.8106689
51,0.7448739446499981,0.0004882813,4.0198270083648036e-05,18530.0,0.05863721335881932,0.003438322790487699,0.0586372271376181,0.284668,0.284668,-0.2261047
52,-0.611816673629998,0.0009155273,-3.301762944576352e-05,18530.0,0.053699844127070614,0.0028836732592716803,0.05369985427760055,0.2443848,0.3390503,-0.3390503
53,-0.41525264995000055,-0.0001831055,-2.240974905288724e-05,18530.0,0.017321435750841687,0.0003000321364705366,0.017321450247233607,0.1096497,0.1096497,-0.09851074
54,-0.6631182812299992,-0.0002441406,-3.578619974257956e-05,18530.0,0.036205229371550816,0.0013108186338466061,0.03620524705755642,0.3210144,0.3210144,-0.2533875
